"Class","Sex","Age","Survived"
"1st","Male","Child","No"
"1st","Male","Child","No"
"1st","Male","Child","No"
"1st","Male","Child","No"
"2nd","Male","Child","No"
"2nd","Male","Child","No"
"2nd","Male","Child","No"
"2nd","Male","Child","No"
"3rd","Male","Child","No"
"3rd","Male","Child","No"
"3rd","Male","Child","No"
"3rd","Male","Child","No"
"3rd","Male","Child","No"
"3rd","Male","Child","No"
"3rd","Male","Child","No"
"3rd","Male","Child","No"
"3rd","Male","Child","No"
"3rd","Male","Child","No"
"3rd","Male","Child","No"
"3rd","Male","Child","No"
"3rd","Male","Child","No"
"3rd","Male","Child","No"
"3rd","Male","Child","No"
"3rd","Male","Child","No"
"3rd","Male","Child","No"
"3rd","Male","Child","No"
"3rd","Male","Child","No"
"3rd","Male","Child","No"
"3rd","Male","Child","No"
"3rd","Male","Child","No"
"3rd","Male","Child","No"
"3rd","Male","Child","No"
"3rd","Male","Child","No"
"3rd","Male","Child","No"
"3rd","Male","Child","No"
"3rd","Male","Child","No"
"3rd","Male","Child","No"
"3rd","Male","Child","No"
"3rd","Male","Child","No"
"3rd","Male","Child","No"
"3rd","Male","Child","No"
"3rd","Male","Child","No"
"3rd","Male","Child","No"
"Crew","Male","Child","No"
"Crew","Male","Child","No"
"Crew","Male","Child","No"
"Crew","Male","Child","No"
"1st","Female","Child","No"
"1st","Female","Child","No"
"1st","Female","Child","No"
"1st","Female","Child","No"
"2nd","Female","Child","No"
"2nd","Female","Child","No"
"2nd","Female","Child","No"
"2nd","Female","Child","No"
"3rd","Female","Child","No"
"3rd","Female","Child","No"
"3rd","Female","Child","No"
"3rd","Female","Child","No"
"3rd","Female","Child","No"
"3rd","Female","Child","No"
"3rd","Female","Child","No"
"3rd","Female","Child","No"
"3rd","Female","Child","No"
"3rd","Female","Child","No"
"3rd","Female","Child","No"
"3rd","Female","Child","No"
"3rd","Female","Child","No"
"3rd","Female","Child","No"
"3rd","Female","Child","No"
"3rd","Female","Child","No"
"3rd","Female","Child","No"
"Crew","Female","Child","No"
"Crew","Female","Child","No"
"Crew","Female","Child","No"
"Crew","Female","Child","No"
"1st","Male","Adult","No"
"1st","Male","Adult","No"
"1st","Male","Adult","No"
"1st","Male","Adult","No"
"1st","Male","Adult","No"
"1st","Male","Adult","No"
"1st","Male","Adult","No"
"1st","Male","Adult","No"
"1st","Male","Adult","No"
"1st","Male","Adult","No"
"1st","Male","Adult","No"
"1st","Male","Adult","No"
"1st","Male","Adult","No"
"1st","Male","Adult","No"
"1st","Male","Adult","No"
"1st","Male","Adult","No"
"1st","Male","Adult","No"
"1st","Male","Adult","No"
"1st","Male","Adult","No"
"1st","Male","Adult","No"
"1st","Male","Adult","No"
"1st","Male","Adult","No"
"1st","Male","Adult","No"
"1st","Male","Adult","No"
"1st","Male","Adult","No"
"1st","Male","Adult","No"
"1st","Male","Adult","No"
"1st","Male","Adult","No"
"1st","Male","Adult","No"
"1st","Male","Adult","No"
"1st","Male","Adult","No"
"1st","Male","Adult","No"
"1st","Male","Adult","No"
"1st","Male","Adult","No"
"1st","Male","Adult","No"
"1st","Male","Adult","No"
"1st","Male","Adult","No"
"1st","Male","Adult","No"
"1st","Male","Adult","No"
"1st","Male","Adult","No"
"1st","Male","Adult","No"
"1st","Male","Adult","No"
"1st","Male","Adult","No"
"1st","Male","Adult","No"
"1st","Male","Adult","No"
"1st","Male","Adult","No"
"1st","Male","Adult","No"
"1st","Male","Adult","No"
"1st","Male","Adult","No"
"1st","Male","Adult","No"
"1st","Male","Adult","No"
"1st","Male","Adult","No"
"1st","Male","Adult","No"
"1st","Male","Adult","No"
"1st","Male","Adult","No"
"1st","Male","Adult","No"
"1st","Male","Adult","No"
"1st","Male","Adult","No"
"1st","Male","Adult","No"
"1st","Male","Adult","No"
"1st","Male","Adult","No"
"1st","Male","Adult","No"
"1st","Male","Adult","No"
"1st","Male","Adult","No"
"1st","Male","Adult","No"
"1st","Male","Adult","No"
"1st","Male","Adult","No"
"1st","Male","Adult","No"
"1st","Male","Adult","No"
"1st","Male","Adult","No"
"1st","Male","Adult","No"
"1st","Male","Adult","No"
"1st","Male","Adult","No"
"1st","Male","Adult","No"
"1st","Male","Adult","No"
"1st","Male","Adult","No"
"1st","Male","Adult","No"
"1st","Male","Adult","No"
"1st","Male","Adult","No"
"1st","Male","Adult","No"
"1st","Male","Adult","No"
"1st","Male","Adult","No"
"1st","Male","Adult","No"
"1st","Male","Adult","No"
"1st","Male","Adult","No"
"1st","Male","Adult","No"
"1st","Male","Adult","No"
"1st","Male","Adult","No"
"1st","Male","Adult","No"
"1st","Male","Adult","No"
"1st","Male","Adult","No"
"1st","Male","Adult","No"
"1st","Male","Adult","No"
"1st","Male","Adult","No"
"1st","Male","Adult","No"
"1st","Male","Adult","No"
"1st","Male","Adult","No"
"1st","Male","Adult","No"
"1st","Male","Adult","No"
"1st","Male","Adult","No"
"1st","Male","Adult","No"
"1st","Male","Adult","No"
"1st","Male","Adult","No"
"1st","Male","Adult","No"
"1st","Male","Adult","No"
"1st","Male","Adult","No"
"1st","Male","Adult","No"
"1st","Male","Adult","No"
"1st","Male","Adult","No"
"1st","Male","Adult","No"
"1st","Male","Adult","No"
"1st","Male","Adult","No"
"1st","Male","Adult","No"
"1st","Male","Adult","No"
"1st","Male","Adult","No"
"1st","Male","Adult","No"
"1st","Male","Adult","No"
"1st","Male","Adult","No"
"2nd","Male","Adult","No"
"2nd","Male","Adult","No"
"2nd","Male","Adult","No"
"2nd","Male","Adult","No"
"2nd","Male","Adult","No"
"2nd","Male","Adult","No"
"2nd","Male","Adult","No"
"2nd","Male","Adult","No"
"2nd","Male","Adult","No"
"2nd","Male","Adult","No"
"2nd","Male","Adult","No"
"2nd","Male","Adult","No"
"2nd","Male","Adult","No"
"2nd","Male","Adult","No"
"2nd","Male","Adult","No"
"2nd","Male","Adult","No"
"2nd","Male","Adult","No"
"2nd","Male","Adult","No"
"2nd","Male","Adult","No"
"2nd","Male","Adult","No"
"2nd","Male","Adult","No"
"2nd","Male","Adult","No"
"2nd","Male","Adult","No"
"2nd","Male","Adult","No"
"2nd","Male","Adult","No"
"2nd","Male","Adult","No"
"2nd","Male","Adult","No"
"2nd","Male","Adult","No"
"2nd","Male","Adult","No"
"2nd","Male","Adult","No"
"2nd","Male","Adult","No"
"2nd","Male","Adult","No"
"2nd","Male","Adult","No"
"2nd","Male","Adult","No"
"2nd","Male","Adult","No"
"2nd","Male","Adult","No"
"2nd","Male","Adult","No"
"2nd","Male","Adult","No"
"2nd","Male","Adult","No"
"2nd","Male","Adult","No"
"2nd","Male","Adult","No"
"2nd","Male","Adult","No"
"2nd","Male","Adult","No"
"2nd","Male","Adult","No"
"2nd","Male","Adult","No"
"2nd","Male","Adult","No"
"2nd","Male","Adult","No"
"2nd","Male","Adult","No"
"2nd","Male","Adult","No"
"2nd","Male","Adult","No"
"2nd","Male","Adult","No"
"2nd","Male","Adult","No"
"2nd","Male","Adult","No"
"2nd","Male","Adult","No"
"2nd","Male","Adult","No"
"2nd","Male","Adult","No"
"2nd","Male","Adult","No"
"2nd","Male","Adult","No"
"2nd","Male","Adult","No"
"2nd","Male","Adult","No"
"2nd","Male","Adult","No"
"2nd","Male","Adult","No"
"2nd","Male","Adult","No"
"2nd","Male","Adult","No"
"2nd","Male","Adult","No"
"2nd","Male","Adult","No"
"2nd","Male","Adult","No"
"2nd","Male","Adult","No"
"2nd","Male","Adult","No"
"2nd","Male","Adult","No"
"2nd","Male","Adult","No"
"2nd","Male","Adult","No"
"2nd","Male","Adult","No"
"2nd","Male","Adult","No"
"2nd","Male","Adult","No"
"2nd","Male","Adult","No"
"2nd","Male","Adult","No"
"2nd","Male","Adult","No"
"2nd","Male","Adult","No"
"2nd","Male","Adult","No"
"2nd","Male","Adult","No"
"2nd","Male","Adult","No"
"2nd","Male","Adult","No"
"2nd","Male","Adult","No"
"2nd","Male","Adult","No"
"2nd","Male","Adult","No"
"2nd","Male","Adult","No"
"2nd","Male","Adult","No"
"2nd","Male","Adult","No"
"2nd","Male","Adult","No"
"2nd","Male","Adult","No"
"2nd","Male","Adult","No"
"2nd","Male","Adult","No"
"2nd","Male","Adult","No"
"2nd","Male","Adult","No"
"2nd","Male","Adult","No"
"2nd","Male","Adult","No"
"2nd","Male","Adult","No"
"2nd","Male","Adult","No"
"2nd","Male","Adult","No"
"2nd","Male","Adult","No"
"2nd","Male","Adult","No"
"2nd","Male","Adult","No"
"2nd","Male","Adult","No"
"2nd","Male","Adult","No"
"2nd","Male","Adult","No"
"2nd","Male","Adult","No"
"2nd","Male","Adult","No"
"2nd","Male","Adult","No"
"2nd","Male","Adult","No"
"2nd","Male","Adult","No"
"2nd","Male","Adult","No"
"2nd","Male","Adult","No"
"2nd","Male","Adult","No"
"2nd","Male","Adult","No"
"2nd","Male","Adult","No"
"2nd","Male","Adult","No"
"2nd","Male","Adult","No"
"2nd","Male","Adult","No"
"2nd","Male","Adult","No"
"2nd","Male","Adult","No"
"2nd","Male","Adult","No"
"2nd","Male","Adult","No"
"2nd","Male","Adult","No"
"2nd","Male","Adult","No"
"2nd","Male","Adult","No"
"2nd","Male","Adult","No"
"2nd","Male","Adult","No"
"2nd","Male","Adult","No"
"2nd","Male","Adult","No"
"2nd","Male","Adult","No"
"2nd","Male","Adult","No"
"2nd","Male","Adult","No"
"2nd","Male","Adult","No"
"2nd","Male","Adult","No"
"2nd","Male","Adult","No"
"2nd","Male","Adult","No"
"2nd","Male","Adult","No"
"2nd","Male","Adult","No"
"2nd","Male","Adult","No"
"2nd","Male","Adult","No"
"2nd","Male","Adult","No"
"2nd","Male","Adult","No"
"2nd","Male","Adult","No"
"2nd","Male","Adult","No"
"2nd","Male","Adult","No"
"2nd","Male","Adult","No"
"2nd","Male","Adult","No"
"2nd","Male","Adult","No"
"2nd","Male","Adult","No"
"2nd","Male","Adult","No"
"2nd","Male","Adult","No"
"2nd","Male","Adult","No"
"2nd","Male","Adult","No"
"3rd","Male","Adult","No"
"3rd","Male","Adult","No"
"3rd","Male","Adult","No"
"3rd","Male","Adult","No"
"3rd","Male","Adult","No"
"3rd","Male","Adult","No"
"3rd","Male","Adult","No"
"3rd","Male","Adult","No"
"3rd","Male","Adult","No"
"3rd","Male","Adult","No"
"3rd","Male","Adult","No"
"3rd","Male","Adult","No"
"3rd","Male","Adult","No"
"3rd","Male","Adult","No"
"3rd","Male","Adult","No"
"3rd","Male","Adult","No"
"3rd","Male","Adult","No"
"3rd","Male","Adult","No"
"3rd","Male","Adult","No"
"3rd","Male","Adult","No"
"3rd","Male","Adult","No"
"3rd","Male","Adult","No"
"3rd","Male","Adult","No"
"3rd","Male","Adult","No"
"3rd","Male","Adult","No"
"3rd","Male","Adult","No"
"3rd","Male","Adult","No"
"3rd","Male","Adult","No"
"3rd","Male","Adult","No"
"3rd","Male","Adult","No"
"3rd","Male","Adult","No"
"3rd","Male","Adult","No"
"3rd","Male","Adult","No"
"3rd","Male","Adult","No"
"3rd","Male","Adult","No"
"3rd","Male","Adult","No"
"3rd","Male","Adult","No"
"3rd","Male","Adult","No"
"3rd","Male","Adult","No"
"3rd","Male","Adult","No"
"3rd","Male","Adult","No"
"3rd","Male","Adult","No"
"3rd","Male","Adult","No"
"3rd","Male","Adult","No"
"3rd","Male","Adult","No"
"3rd","Male","Adult","No"
"3rd","Male","Adult","No"
"3rd","Male","Adult","No"
"3rd","Male","Adult","No"
"3rd","Male","Adult","No"
"3rd","Male","Adult","No"
"3rd","Male","Adult","No"
"3rd","Male","Adult","No"
"3rd","Male","Adult","No"
"3rd","Male","Adult","No"
"3rd","Male","Adult","No"
"3rd","Male","Adult","No"
"3rd","Male","Adult","No"
"3rd","Male","Adult","No"
"3rd","Male","Adult","No"
"3rd","Male","Adult","No"
"3rd","Male","Adult","No"
"3rd","Male","Adult","No"
"3rd","Male","Adult","No"
"3rd","Male","Adult","No"
"3rd","Male","Adult","No"
"3rd","Male","Adult","No"
"3rd","Male","Adult","No"
"3rd","Male","Adult","No"
"3rd","Male","Adult","No"
"3rd","Male","Adult","No"
"3rd","Male","Adult","No"
"3rd","Male","Adult","No"
"3rd","Male","Adult","No"
"3rd","Male","Adult","No"
"3rd","Male","Adult","No"
"3rd","Male","Adult","No"
"3rd","Male","Adult","No"
"3rd","Male","Adult","No"
"3rd","Male","Adult","No"
"3rd","Male","Adult","No"
"3rd","Male","Adult","No"
"3rd","Male","Adult","No"
"3rd","Male","Adult","No"
"3rd","Male","Adult","No"
"3rd","Male","Adult","No"
"3rd","Male","Adult","No"
"3rd","Male","Adult","No"
"3rd","Male","Adult","No"
"3rd","Male","Adult","No"
"3rd","Male","Adult","No"
"3rd","Male","Adult","No"
"3rd","Male","Adult","No"
"3rd","Male","Adult","No"
"3rd","Male","Adult","No"
"3rd","Male","Adult","No"
"3rd","Male","Adult","No"
"3rd","Male","Adult","No"
"3rd","Male","Adult","No"
"3rd","Male","Adult","No"
"3rd","Male","Adult","No"
"3rd","Male","Adult","No"
"3rd","Male","Adult","No"
"3rd","Male","Adult","No"
"3rd","Male","Adult","No"
"3rd","Male","Adult","No"
"3rd","Male","Adult","No"
"3rd","Male","Adult","No"
"3rd","Male","Adult","No"
"3rd","Male","Adult","No"
"3rd","Male","Adult","No"
"3rd","Male","Adult","No"
"3rd","Male","Adult","No"
"3rd","Male","Adult","No"
"3rd","Male","Adult","No"
"3rd","Male","Adult","No"
"3rd","Male","Adult","No"
"3rd","Male","Adult","No"
"3rd","Male","Adult","No"
"3rd","Male","Adult","No"
"3rd","Male","Adult","No"
"3rd","Male","Adult","No"
"3rd","Male","Adult","No"
"3rd","Male","Adult","No"
"3rd","Male","Adult","No"
"3rd","Male","Adult","No"
"3rd","Male","Adult","No"
"3rd","Male","Adult","No"
"3rd","Male","Adult","No"
"3rd","Male","Adult","No"
"3rd","Male","Adult","No"
"3rd","Male","Adult","No"
"3rd","Male","Adult","No"
"3rd","Male","Adult","No"
"3rd","Male","Adult","No"
"3rd","Male","Adult","No"
"3rd","Male","Adult","No"
"3rd","Male","Adult","No"
"3rd","Male","Adult","No"
"3rd","Male","Adult","No"
"3rd","Male","Adult","No"
"3rd","Male","Adult","No"
"3rd","Male","Adult","No"
"3rd","Male","Adult","No"
"3rd","Male","Adult","No"
"3rd","Male","Adult","No"
"3rd","Male","Adult","No"
"3rd","Male","Adult","No"
"3rd","Male","Adult","No"
"3rd","Male","Adult","No"
"3rd","Male","Adult","No"
"3rd","Male","Adult","No"
"3rd","Male","Adult","No"
"3rd","Male","Adult","No"
"3rd","Male","Adult","No"
"3rd","Male","Adult","No"
"3rd","Male","Adult","No"
"3rd","Male","Adult","No"
"3rd","Male","Adult","No"
"3rd","Male","Adult","No"
"3rd","Male","Adult","No"
"3rd","Male","Adult","No"
"3rd","Male","Adult","No"
"3rd","Male","Adult","No"
"3rd","Male","Adult","No"
"3rd","Male","Adult","No"
"3rd","Male","Adult","No"
"3rd","Male","Adult","No"
"3rd","Male","Adult","No"
"3rd","Male","Adult","No"
"3rd","Male","Adult","No"
"3rd","Male","Adult","No"
"3rd","Male","Adult","No"
"3rd","Male","Adult","No"
"3rd","Male","Adult","No"
"3rd","Male","Adult","No"
"3rd","Male","Adult","No"
"3rd","Male","Adult","No"
"3rd","Male","Adult","No"
"3rd","Male","Adult","No"
"3rd","Male","Adult","No"
"3rd","Male","Adult","No"
"3rd","Male","Adult","No"
"3rd","Male","Adult","No"
"3rd","Male","Adult","No"
"3rd","Male","Adult","No"
"3rd","Male","Adult","No"
"3rd","Male","Adult","No"
"3rd","Male","Adult","No"
"3rd","Male","Adult","No"
"3rd","Male","Adult","No"
"3rd","Male","Adult","No"
"3rd","Male","Adult","No"
"3rd","Male","Adult","No"
"3rd","Male","Adult","No"
"3rd","Male","Adult","No"
"3rd","Male","Adult","No"
"3rd","Male","Adult","No"
"3rd","Male","Adult","No"
"3rd","Male","Adult","No"
"3rd","Male","Adult","No"
"3rd","Male","Adult","No"
"3rd","Male","Adult","No"
"3rd","Male","Adult","No"
"3rd","Male","Adult","No"
"3rd","Male","Adult","No"
"3rd","Male","Adult","No"
"3rd","Male","Adult","No"
"3rd","Male","Adult","No"
"3rd","Male","Adult","No"
"3rd","Male","Adult","No"
"3rd","Male","Adult","No"
"3rd","Male","Adult","No"
"3rd","Male","Adult","No"
"3rd","Male","Adult","No"
"3rd","Male","Adult","No"
"3rd","Male","Adult","No"
"3rd","Male","Adult","No"
"3rd","Male","Adult","No"
"3rd","Male","Adult","No"
"3rd","Male","Adult","No"
"3rd","Male","Adult","No"
"3rd","Male","Adult","No"
"3rd","Male","Adult","No"
"3rd","Male","Adult","No"
"3rd","Male","Adult","No"
"3rd","Male","Adult","No"
"3rd","Male","Adult","No"
"3rd","Male","Adult","No"
"3rd","Male","Adult","No"
"3rd","Male","Adult","No"
"3rd","Male","Adult","No"
"3rd","Male","Adult","No"
"3rd","Male","Adult","No"
"3rd","Male","Adult","No"
"3rd","Male","Adult","No"
"3rd","Male","Adult","No"
"3rd","Male","Adult","No"
"3rd","Male","Adult","No"
"3rd","Male","Adult","No"
"3rd","Male","Adult","No"
"3rd","Male","Adult","No"
"3rd","Male","Adult","No"
"3rd","Male","Adult","No"
"3rd","Male","Adult","No"
"3rd","Male","Adult","No"
"3rd","Male","Adult","No"
"3rd","Male","Adult","No"
"3rd","Male","Adult","No"
"3rd","Male","Adult","No"
"3rd","Male","Adult","No"
"3rd","Male","Adult","No"
"3rd","Male","Adult","No"
"3rd","Male","Adult","No"
"3rd","Male","Adult","No"
"3rd","Male","Adult","No"
"3rd","Male","Adult","No"
"3rd","Male","Adult","No"
"3rd","Male","Adult","No"
"3rd","Male","Adult","No"
"3rd","Male","Adult","No"
"3rd","Male","Adult","No"
"3rd","Male","Adult","No"
"3rd","Male","Adult","No"
"3rd","Male","Adult","No"
"3rd","Male","Adult","No"
"3rd","Male","Adult","No"
"3rd","Male","Adult","No"
"3rd","Male","Adult","No"
"3rd","Male","Adult","No"
"3rd","Male","Adult","No"
"3rd","Male","Adult","No"
"3rd","Male","Adult","No"
"3rd","Male","Adult","No"
"3rd","Male","Adult","No"
"3rd","Male","Adult","No"
"3rd","Male","Adult","No"
"3rd","Male","Adult","No"
"3rd","Male","Adult","No"
"3rd","Male","Adult","No"
"3rd","Male","Adult","No"
"3rd","Male","Adult","No"
"3rd","Male","Adult","No"
"3rd","Male","Adult","No"
"3rd","Male","Adult","No"
"3rd","Male","Adult","No"
"3rd","Male","Adult","No"
"3rd","Male","Adult","No"
"3rd","Male","Adult","No"
"3rd","Male","Adult","No"
"3rd","Male","Adult","No"
"3rd","Male","Adult","No"
"3rd","Male","Adult","No"
"3rd","Male","Adult","No"
"3rd","Male","Adult","No"
"3rd","Male","Adult","No"
"3rd","Male","Adult","No"
"3rd","Male","Adult","No"
"3rd","Male","Adult","No"
"3rd","Male","Adult","No"
"3rd","Male","Adult","No"
"3rd","Male","Adult","No"
"3rd","Male","Adult","No"
"3rd","Male","Adult","No"
"3rd","Male","Adult","No"
"3rd","Male","Adult","No"
"3rd","Male","Adult","No"
"3rd","Male","Adult","No"
"3rd","Male","Adult","No"
"3rd","Male","Adult","No"
"3rd","Male","Adult","No"
"3rd","Male","Adult","No"
"3rd","Male","Adult","No"
"3rd","Male","Adult","No"
"3rd","Male","Adult","No"
"3rd","Male","Adult","No"
"3rd","Male","Adult","No"
"3rd","Male","Adult","No"
"3rd","Male","Adult","No"
"3rd","Male","Adult","No"
"3rd","Male","Adult","No"
"3rd","Male","Adult","No"
"3rd","Male","Adult","No"
"3rd","Male","Adult","No"
"3rd","Male","Adult","No"
"3rd","Male","Adult","No"
"3rd","Male","Adult","No"
"3rd","Male","Adult","No"
"3rd","Male","Adult","No"
"3rd","Male","Adult","No"
"3rd","Male","Adult","No"
"3rd","Male","Adult","No"
"3rd","Male","Adult","No"
"3rd","Male","Adult","No"
"3rd","Male","Adult","No"
"3rd","Male","Adult","No"
"3rd","Male","Adult","No"
"3rd","Male","Adult","No"
"3rd","Male","Adult","No"
"3rd","Male","Adult","No"
"3rd","Male","Adult","No"
"3rd","Male","Adult","No"
"3rd","Male","Adult","No"
"3rd","Male","Adult","No"
"3rd","Male","Adult","No"
"3rd","Male","Adult","No"
"3rd","Male","Adult","No"
"3rd","Male","Adult","No"
"3rd","Male","Adult","No"
"3rd","Male","Adult","No"
"3rd","Male","Adult","No"
"3rd","Male","Adult","No"
"3rd","Male","Adult","No"
"3rd","Male","Adult","No"
"3rd","Male","Adult","No"
"3rd","Male","Adult","No"
"3rd","Male","Adult","No"
"3rd","Male","Adult","No"
"3rd","Male","Adult","No"
"3rd","Male","Adult","No"
"3rd","Male","Adult","No"
"3rd","Male","Adult","No"
"3rd","Male","Adult","No"
"3rd","Male","Adult","No"
"3rd","Male","Adult","No"
"3rd","Male","Adult","No"
"3rd","Male","Adult","No"
"3rd","Male","Adult","No"
"3rd","Male","Adult","No"
"3rd","Male","Adult","No"
"3rd","Male","Adult","No"
"3rd","Male","Adult","No"
"3rd","Male","Adult","No"
"3rd","Male","Adult","No"
"3rd","Male","Adult","No"
"3rd","Male","Adult","No"
"3rd","Male","Adult","No"
"3rd","Male","Adult","No"
"3rd","Male","Adult","No"
"3rd","Male","Adult","No"
"3rd","Male","Adult","No"
"3rd","Male","Adult","No"
"3rd","Male","Adult","No"
"3rd","Male","Adult","No"
"3rd","Male","Adult","No"
"3rd","Male","Adult","No"
"3rd","Male","Adult","No"
"Crew","Male","Adult","No"
"Crew","Male","Adult","No"
"Crew","Male","Adult","No"
"Crew","Male","Adult","No"
"Crew","Male","Adult","No"
"Crew","Male","Adult","No"
"Crew","Male","Adult","No"
"Crew","Male","Adult","No"
"Crew","Male","Adult","No"
"Crew","Male","Adult","No"
"Crew","Male","Adult","No"
"Crew","Male","Adult","No"
"Crew","Male","Adult","No"
"Crew","Male","Adult","No"
"Crew","Male","Adult","No"
"Crew","Male","Adult","No"
"Crew","Male","Adult","No"
"Crew","Male","Adult","No"
"Crew","Male","Adult","No"
"Crew","Male","Adult","No"
"Crew","Male","Adult","No"
"Crew","Male","Adult","No"
"Crew","Male","Adult","No"
"Crew","Male","Adult","No"
"Crew","Male","Adult","No"
"Crew","Male","Adult","No"
"Crew","Male","Adult","No"
"Crew","Male","Adult","No"
"Crew","Male","Adult","No"
"Crew","Male","Adult","No"
"Crew","Male","Adult","No"
"Crew","Male","Adult","No"
"Crew","Male","Adult","No"
"Crew","Male","Adult","No"
"Crew","Male","Adult","No"
"Crew","Male","Adult","No"
"Crew","Male","Adult","No"
"Crew","Male","Adult","No"
"Crew","Male","Adult","No"
"Crew","Male","Adult","No"
"Crew","Male","Adult","No"
"Crew","Male","Adult","No"
"Crew","Male","Adult","No"
"Crew","Male","Adult","No"
"Crew","Male","Adult","No"
"Crew","Male","Adult","No"
"Crew","Male","Adult","No"
"Crew","Male","Adult","No"
"Crew","Male","Adult","No"
"Crew","Male","Adult","No"
"Crew","Male","Adult","No"
"Crew","Male","Adult","No"
"Crew","Male","Adult","No"
"Crew","Male","Adult","No"
"Crew","Male","Adult","No"
"Crew","Male","Adult","No"
"Crew","Male","Adult","No"
"Crew","Male","Adult","No"
"Crew","Male","Adult","No"
"Crew","Male","Adult","No"
"Crew","Male","Adult","No"
"Crew","Male","Adult","No"
"Crew","Male","Adult","No"
"Crew","Male","Adult","No"
"Crew","Male","Adult","No"
"Crew","Male","Adult","No"
"Crew","Male","Adult","No"
"Crew","Male","Adult","No"
"Crew","Male","Adult","No"
"Crew","Male","Adult","No"
"Crew","Male","Adult","No"
"Crew","Male","Adult","No"
"Crew","Male","Adult","No"
"Crew","Male","Adult","No"
"Crew","Male","Adult","No"
"Crew","Male","Adult","No"
"Crew","Male","Adult","No"
"Crew","Male","Adult","No"
"Crew","Male","Adult","No"
"Crew","Male","Adult","No"
"Crew","Male","Adult","No"
"Crew","Male","Adult","No"
"Crew","Male","Adult","No"
"Crew","Male","Adult","No"
"Crew","Male","Adult","No"
"Crew","Male","Adult","No"
"Crew","Male","Adult","No"
"Crew","Male","Adult","No"
"Crew","Male","Adult","No"
"Crew","Male","Adult","No"
"Crew","Male","Adult","No"
"Crew","Male","Adult","No"
"Crew","Male","Adult","No"
"Crew","Male","Adult","No"
"Crew","Male","Adult","No"
"Crew","Male","Adult","No"
"Crew","Male","Adult","No"
"Crew","Male","Adult","No"
"Crew","Male","Adult","No"
"Crew","Male","Adult","No"
"Crew","Male","Adult","No"
"Crew","Male","Adult","No"
"Crew","Male","Adult","No"
"Crew","Male","Adult","No"
"Crew","Male","Adult","No"
"Crew","Male","Adult","No"
"Crew","Male","Adult","No"
"Crew","Male","Adult","No"
"Crew","Male","Adult","No"
"Crew","Male","Adult","No"
"Crew","Male","Adult","No"
"Crew","Male","Adult","No"
"Crew","Male","Adult","No"
"Crew","Male","Adult","No"
"Crew","Male","Adult","No"
"Crew","Male","Adult","No"
"Crew","Male","Adult","No"
"Crew","Male","Adult","No"
"Crew","Male","Adult","No"
"Crew","Male","Adult","No"
"Crew","Male","Adult","No"
"Crew","Male","Adult","No"
"Crew","Male","Adult","No"
"Crew","Male","Adult","No"
"Crew","Male","Adult","No"
"Crew","Male","Adult","No"
"Crew","Male","Adult","No"
"Crew","Male","Adult","No"
"Crew","Male","Adult","No"
"Crew","Male","Adult","No"
"Crew","Male","Adult","No"
"Crew","Male","Adult","No"
"Crew","Male","Adult","No"
"Crew","Male","Adult","No"
"Crew","Male","Adult","No"
"Crew","Male","Adult","No"
"Crew","Male","Adult","No"
"Crew","Male","Adult","No"
"Crew","Male","Adult","No"
"Crew","Male","Adult","No"
"Crew","Male","Adult","No"
"Crew","Male","Adult","No"
"Crew","Male","Adult","No"
"Crew","Male","Adult","No"
"Crew","Male","Adult","No"
"Crew","Male","Adult","No"
"Crew","Male","Adult","No"
"Crew","Male","Adult","No"
"Crew","Male","Adult","No"
"Crew","Male","Adult","No"
"Crew","Male","Adult","No"
"Crew","Male","Adult","No"
"Crew","Male","Adult","No"
"Crew","Male","Adult","No"
"Crew","Male","Adult","No"
"Crew","Male","Adult","No"
"Crew","Male","Adult","No"
"Crew","Male","Adult","No"
"Crew","Male","Adult","No"
"Crew","Male","Adult","No"
"Crew","Male","Adult","No"
"Crew","Male","Adult","No"
"Crew","Male","Adult","No"
"Crew","Male","Adult","No"
"Crew","Male","Adult","No"
"Crew","Male","Adult","No"
"Crew","Male","Adult","No"
"Crew","Male","Adult","No"
"Crew","Male","Adult","No"
"Crew","Male","Adult","No"
"Crew","Male","Adult","No"
"Crew","Male","Adult","No"
"Crew","Male","Adult","No"
"Crew","Male","Adult","No"
"Crew","Male","Adult","No"
"Crew","Male","Adult","No"
"Crew","Male","Adult","No"
"Crew","Male","Adult","No"
"Crew","Male","Adult","No"
"Crew","Male","Adult","No"
"Crew","Male","Adult","No"
"Crew","Male","Adult","No"
"Crew","Male","Adult","No"
"Crew","Male","Adult","No"
"Crew","Male","Adult","No"
"Crew","Male","Adult","No"
"Crew","Male","Adult","No"
"Crew","Male","Adult","No"
"Crew","Male","Adult","No"
"Crew","Male","Adult","No"
"Crew","Male","Adult","No"
"Crew","Male","Adult","No"
"Crew","Male","Adult","No"
"Crew","Male","Adult","No"
"Crew","Male","Adult","No"
"Crew","Male","Adult","No"
"Crew","Male","Adult","No"
"Crew","Male","Adult","No"
"Crew","Male","Adult","No"
"Crew","Male","Adult","No"
"Crew","Male","Adult","No"
"Crew","Male","Adult","No"
"Crew","Male","Adult","No"
"Crew","Male","Adult","No"
"Crew","Male","Adult","No"
"Crew","Male","Adult","No"
"Crew","Male","Adult","No"
"Crew","Male","Adult","No"
"Crew","Male","Adult","No"
"Crew","Male","Adult","No"
"Crew","Male","Adult","No"
"Crew","Male","Adult","No"
"Crew","Male","Adult","No"
"Crew","Male","Adult","No"
"Crew","Male","Adult","No"
"Crew","Male","Adult","No"
"Crew","Male","Adult","No"
"Crew","Male","Adult","No"
"Crew","Male","Adult","No"
"Crew","Male","Adult","No"
"Crew","Male","Adult","No"
"Crew","Male","Adult","No"
"Crew","Male","Adult","No"
"Crew","Male","Adult","No"
"Crew","Male","Adult","No"
"Crew","Male","Adult","No"
"Crew","Male","Adult","No"
"Crew","Male","Adult","No"
"Crew","Male","Adult","No"
"Crew","Male","Adult","No"
"Crew","Male","Adult","No"
"Crew","Male","Adult","No"
"Crew","Male","Adult","No"
"Crew","Male","Adult","No"
"Crew","Male","Adult","No"
"Crew","Male","Adult","No"
"Crew","Male","Adult","No"
"Crew","Male","Adult","No"
"Crew","Male","Adult","No"
"Crew","Male","Adult","No"
"Crew","Male","Adult","No"
"Crew","Male","Adult","No"
"Crew","Male","Adult","No"
"Crew","Male","Adult","No"
"Crew","Male","Adult","No"
"Crew","Male","Adult","No"
"Crew","Male","Adult","No"
"Crew","Male","Adult","No"
"Crew","Male","Adult","No"
"Crew","Male","Adult","No"
"Crew","Male","Adult","No"
"Crew","Male","Adult","No"
"Crew","Male","Adult","No"
"Crew","Male","Adult","No"
"Crew","Male","Adult","No"
"Crew","Male","Adult","No"
"Crew","Male","Adult","No"
"Crew","Male","Adult","No"
"Crew","Male","Adult","No"
"Crew","Male","Adult","No"
"Crew","Male","Adult","No"
"Crew","Male","Adult","No"
"Crew","Male","Adult","No"
"Crew","Male","Adult","No"
"Crew","Male","Adult","No"
"Crew","Male","Adult","No"
"Crew","Male","Adult","No"
"Crew","Male","Adult","No"
"Crew","Male","Adult","No"
"Crew","Male","Adult","No"
"Crew","Male","Adult","No"
"Crew","Male","Adult","No"
"Crew","Male","Adult","No"
"Crew","Male","Adult","No"
"Crew","Male","Adult","No"
"Crew","Male","Adult","No"
"Crew","Male","Adult","No"
"Crew","Male","Adult","No"
"Crew","Male","Adult","No"
"Crew","Male","Adult","No"
"Crew","Male","Adult","No"
"Crew","Male","Adult","No"
"Crew","Male","Adult","No"
"Crew","Male","Adult","No"
"Crew","Male","Adult","No"
"Crew","Male","Adult","No"
"Crew","Male","Adult","No"
"Crew","Male","Adult","No"
"Crew","Male","Adult","No"
"Crew","Male","Adult","No"
"Crew","Male","Adult","No"
"Crew","Male","Adult","No"
"Crew","Male","Adult","No"
"Crew","Male","Adult","No"
"Crew","Male","Adult","No"
"Crew","Male","Adult","No"
"Crew","Male","Adult","No"
"Crew","Male","Adult","No"
"Crew","Male","Adult","No"
"Crew","Male","Adult","No"
"Crew","Male","Adult","No"
"Crew","Male","Adult","No"
"Crew","Male","Adult","No"
"Crew","Male","Adult","No"
"Crew","Male","Adult","No"
"Crew","Male","Adult","No"
"Crew","Male","Adult","No"
"Crew","Male","Adult","No"
"Crew","Male","Adult","No"
"Crew","Male","Adult","No"
"Crew","Male","Adult","No"
"Crew","Male","Adult","No"
"Crew","Male","Adult","No"
"Crew","Male","Adult","No"
"Crew","Male","Adult","No"
"Crew","Male","Adult","No"
"Crew","Male","Adult","No"
"Crew","Male","Adult","No"
"Crew","Male","Adult","No"
"Crew","Male","Adult","No"
"Crew","Male","Adult","No"
"Crew","Male","Adult","No"
"Crew","Male","Adult","No"
"Crew","Male","Adult","No"
"Crew","Male","Adult","No"
"Crew","Male","Adult","No"
"Crew","Male","Adult","No"
"Crew","Male","Adult","No"
"Crew","Male","Adult","No"
"Crew","Male","Adult","No"
"Crew","Male","Adult","No"
"Crew","Male","Adult","No"
"Crew","Male","Adult","No"
"Crew","Male","Adult","No"
"Crew","Male","Adult","No"
"Crew","Male","Adult","No"
"Crew","Male","Adult","No"
"Crew","Male","Adult","No"
"Crew","Male","Adult","No"
"Crew","Male","Adult","No"
"Crew","Male","Adult","No"
"Crew","Male","Adult","No"
"Crew","Male","Adult","No"
"Crew","Male","Adult","No"
"Crew","Male","Adult","No"
"Crew","Male","Adult","No"
"Crew","Male","Adult","No"
"Crew","Male","Adult","No"
"Crew","Male","Adult","No"
"Crew","Male","Adult","No"
"Crew","Male","Adult","No"
"Crew","Male","Adult","No"
"Crew","Male","Adult","No"
"Crew","Male","Adult","No"
"Crew","Male","Adult","No"
"Crew","Male","Adult","No"
"Crew","Male","Adult","No"
"Crew","Male","Adult","No"
"Crew","Male","Adult","No"
"Crew","Male","Adult","No"
"Crew","Male","Adult","No"
"Crew","Male","Adult","No"
"Crew","Male","Adult","No"
"Crew","Male","Adult","No"
"Crew","Male","Adult","No"
"Crew","Male","Adult","No"
"Crew","Male","Adult","No"
"Crew","Male","Adult","No"
"Crew","Male","Adult","No"
"Crew","Male","Adult","No"
"Crew","Male","Adult","No"
"Crew","Male","Adult","No"
"Crew","Male","Adult","No"
"Crew","Male","Adult","No"
"Crew","Male","Adult","No"
"Crew","Male","Adult","No"
"Crew","Male","Adult","No"
"Crew","Male","Adult","No"
"Crew","Male","Adult","No"
"Crew","Male","Adult","No"
"Crew","Male","Adult","No"
"Crew","Male","Adult","No"
"Crew","Male","Adult","No"
"Crew","Male","Adult","No"
"Crew","Male","Adult","No"
"Crew","Male","Adult","No"
"Crew","Male","Adult","No"
"Crew","Male","Adult","No"
"Crew","Male","Adult","No"
"Crew","Male","Adult","No"
"Crew","Male","Adult","No"
"Crew","Male","Adult","No"
"Crew","Male","Adult","No"
"Crew","Male","Adult","No"
"Crew","Male","Adult","No"
"Crew","Male","Adult","No"
"Crew","Male","Adult","No"
"Crew","Male","Adult","No"
"Crew","Male","Adult","No"
"Crew","Male","Adult","No"
"Crew","Male","Adult","No"
"Crew","Male","Adult","No"
"Crew","Male","Adult","No"
"Crew","Male","Adult","No"
"Crew","Male","Adult","No"
"Crew","Male","Adult","No"
"Crew","Male","Adult","No"
"Crew","Male","Adult","No"
"Crew","Male","Adult","No"
"Crew","Male","Adult","No"
"Crew","Male","Adult","No"
"Crew","Male","Adult","No"
"Crew","Male","Adult","No"
"Crew","Male","Adult","No"
"Crew","Male","Adult","No"
"Crew","Male","Adult","No"
"Crew","Male","Adult","No"
"Crew","Male","Adult","No"
"Crew","Male","Adult","No"
"Crew","Male","Adult","No"
"Crew","Male","Adult","No"
"Crew","Male","Adult","No"
"Crew","Male","Adult","No"
"Crew","Male","Adult","No"
"Crew","Male","Adult","No"
"Crew","Male","Adult","No"
"Crew","Male","Adult","No"
"Crew","Male","Adult","No"
"Crew","Male","Adult","No"
"Crew","Male","Adult","No"
"Crew","Male","Adult","No"
"Crew","Male","Adult","No"
"Crew","Male","Adult","No"
"Crew","Male","Adult","No"
"Crew","Male","Adult","No"
"Crew","Male","Adult","No"
"Crew","Male","Adult","No"
"Crew","Male","Adult","No"
"Crew","Male","Adult","No"
"Crew","Male","Adult","No"
"Crew","Male","Adult","No"
"Crew","Male","Adult","No"
"Crew","Male","Adult","No"
"Crew","Male","Adult","No"
"Crew","Male","Adult","No"
"Crew","Male","Adult","No"
"Crew","Male","Adult","No"
"Crew","Male","Adult","No"
"Crew","Male","Adult","No"
"Crew","Male","Adult","No"
"Crew","Male","Adult","No"
"Crew","Male","Adult","No"
"Crew","Male","Adult","No"
"Crew","Male","Adult","No"
"Crew","Male","Adult","No"
"Crew","Male","Adult","No"
"Crew","Male","Adult","No"
"Crew","Male","Adult","No"
"Crew","Male","Adult","No"
"Crew","Male","Adult","No"
"Crew","Male","Adult","No"
"Crew","Male","Adult","No"
"Crew","Male","Adult","No"
"Crew","Male","Adult","No"
"Crew","Male","Adult","No"
"Crew","Male","Adult","No"
"Crew","Male","Adult","No"
"Crew","Male","Adult","No"
"Crew","Male","Adult","No"
"Crew","Male","Adult","No"
"Crew","Male","Adult","No"
"Crew","Male","Adult","No"
"Crew","Male","Adult","No"
"Crew","Male","Adult","No"
"Crew","Male","Adult","No"
"Crew","Male","Adult","No"
"Crew","Male","Adult","No"
"Crew","Male","Adult","No"
"Crew","Male","Adult","No"
"Crew","Male","Adult","No"
"Crew","Male","Adult","No"
"Crew","Male","Adult","No"
"Crew","Male","Adult","No"
"Crew","Male","Adult","No"
"Crew","Male","Adult","No"
"Crew","Male","Adult","No"
"Crew","Male","Adult","No"
"Crew","Male","Adult","No"
"Crew","Male","Adult","No"
"Crew","Male","Adult","No"
"Crew","Male","Adult","No"
"Crew","Male","Adult","No"
"Crew","Male","Adult","No"
"Crew","Male","Adult","No"
"Crew","Male","Adult","No"
"Crew","Male","Adult","No"
"Crew","Male","Adult","No"
"Crew","Male","Adult","No"
"Crew","Male","Adult","No"
"Crew","Male","Adult","No"
"Crew","Male","Adult","No"
"Crew","Male","Adult","No"
"Crew","Male","Adult","No"
"Crew","Male","Adult","No"
"Crew","Male","Adult","No"
"Crew","Male","Adult","No"
"Crew","Male","Adult","No"
"Crew","Male","Adult","No"
"Crew","Male","Adult","No"
"Crew","Male","Adult","No"
"Crew","Male","Adult","No"
"Crew","Male","Adult","No"
"Crew","Male","Adult","No"
"Crew","Male","Adult","No"
"Crew","Male","Adult","No"
"Crew","Male","Adult","No"
"Crew","Male","Adult","No"
"Crew","Male","Adult","No"
"Crew","Male","Adult","No"
"Crew","Male","Adult","No"
"Crew","Male","Adult","No"
"Crew","Male","Adult","No"
"Crew","Male","Adult","No"
"Crew","Male","Adult","No"
"Crew","Male","Adult","No"
"Crew","Male","Adult","No"
"Crew","Male","Adult","No"
"Crew","Male","Adult","No"
"Crew","Male","Adult","No"
"Crew","Male","Adult","No"
"Crew","Male","Adult","No"
"Crew","Male","Adult","No"
"Crew","Male","Adult","No"
"Crew","Male","Adult","No"
"Crew","Male","Adult","No"
"Crew","Male","Adult","No"
"Crew","Male","Adult","No"
"Crew","Male","Adult","No"
"Crew","Male","Adult","No"
"Crew","Male","Adult","No"
"Crew","Male","Adult","No"
"Crew","Male","Adult","No"
"Crew","Male","Adult","No"
"Crew","Male","Adult","No"
"Crew","Male","Adult","No"
"Crew","Male","Adult","No"
"Crew","Male","Adult","No"
"Crew","Male","Adult","No"
"Crew","Male","Adult","No"
"Crew","Male","Adult","No"
"Crew","Male","Adult","No"
"Crew","Male","Adult","No"
"Crew","Male","Adult","No"
"Crew","Male","Adult","No"
"Crew","Male","Adult","No"
"Crew","Male","Adult","No"
"Crew","Male","Adult","No"
"Crew","Male","Adult","No"
"Crew","Male","Adult","No"
"Crew","Male","Adult","No"
"Crew","Male","Adult","No"
"Crew","Male","Adult","No"
"Crew","Male","Adult","No"
"Crew","Male","Adult","No"
"Crew","Male","Adult","No"
"Crew","Male","Adult","No"
"Crew","Male","Adult","No"
"Crew","Male","Adult","No"
"Crew","Male","Adult","No"
"Crew","Male","Adult","No"
"Crew","Male","Adult","No"
"Crew","Male","Adult","No"
"Crew","Male","Adult","No"
"Crew","Male","Adult","No"
"Crew","Male","Adult","No"
"Crew","Male","Adult","No"
"Crew","Male","Adult","No"
"Crew","Male","Adult","No"
"Crew","Male","Adult","No"
"Crew","Male","Adult","No"
"Crew","Male","Adult","No"
"Crew","Male","Adult","No"
"Crew","Male","Adult","No"
"Crew","Male","Adult","No"
"Crew","Male","Adult","No"
"Crew","Male","Adult","No"
"Crew","Male","Adult","No"
"Crew","Male","Adult","No"
"Crew","Male","Adult","No"
"Crew","Male","Adult","No"
"Crew","Male","Adult","No"
"Crew","Male","Adult","No"
"Crew","Male","Adult","No"
"Crew","Male","Adult","No"
"Crew","Male","Adult","No"
"Crew","Male","Adult","No"
"Crew","Male","Adult","No"
"Crew","Male","Adult","No"
"Crew","Male","Adult","No"
"Crew","Male","Adult","No"
"Crew","Male","Adult","No"
"Crew","Male","Adult","No"
"Crew","Male","Adult","No"
"Crew","Male","Adult","No"
"Crew","Male","Adult","No"
"Crew","Male","Adult","No"
"Crew","Male","Adult","No"
"Crew","Male","Adult","No"
"Crew","Male","Adult","No"
"Crew","Male","Adult","No"
"Crew","Male","Adult","No"
"Crew","Male","Adult","No"
"Crew","Male","Adult","No"
"Crew","Male","Adult","No"
"Crew","Male","Adult","No"
"Crew","Male","Adult","No"
"Crew","Male","Adult","No"
"Crew","Male","Adult","No"
"Crew","Male","Adult","No"
"Crew","Male","Adult","No"
"Crew","Male","Adult","No"
"Crew","Male","Adult","No"
"Crew","Male","Adult","No"
"Crew","Male","Adult","No"
"Crew","Male","Adult","No"
"Crew","Male","Adult","No"
"Crew","Male","Adult","No"
"Crew","Male","Adult","No"
"Crew","Male","Adult","No"
"Crew","Male","Adult","No"
"Crew","Male","Adult","No"
"Crew","Male","Adult","No"
"Crew","Male","Adult","No"
"Crew","Male","Adult","No"
"Crew","Male","Adult","No"
"Crew","Male","Adult","No"
"Crew","Male","Adult","No"
"Crew","Male","Adult","No"
"Crew","Male","Adult","No"
"Crew","Male","Adult","No"
"Crew","Male","Adult","No"
"Crew","Male","Adult","No"
"Crew","Male","Adult","No"
"Crew","Male","Adult","No"
"Crew","Male","Adult","No"
"Crew","Male","Adult","No"
"Crew","Male","Adult","No"
"Crew","Male","Adult","No"
"Crew","Male","Adult","No"
"Crew","Male","Adult","No"
"Crew","Male","Adult","No"
"Crew","Male","Adult","No"
"Crew","Male","Adult","No"
"Crew","Male","Adult","No"
"Crew","Male","Adult","No"
"Crew","Male","Adult","No"
"Crew","Male","Adult","No"
"Crew","Male","Adult","No"
"Crew","Male","Adult","No"
"Crew","Male","Adult","No"
"Crew","Male","Adult","No"
"Crew","Male","Adult","No"
"Crew","Male","Adult","No"
"Crew","Male","Adult","No"
"Crew","Male","Adult","No"
"Crew","Male","Adult","No"
"Crew","Male","Adult","No"
"Crew","Male","Adult","No"
"Crew","Male","Adult","No"
"Crew","Male","Adult","No"
"1st","Female","Adult","No"
"1st","Female","Adult","No"
"1st","Female","Adult","No"
"1st","Female","Adult","No"
"2nd","Female","Adult","No"
"2nd","Female","Adult","No"
"2nd","Female","Adult","No"
"2nd","Female","Adult","No"
"2nd","Female","Adult","No"
"2nd","Female","Adult","No"
"2nd","Female","Adult","No"
"2nd","Female","Adult","No"
"2nd","Female","Adult","No"
"2nd","Female","Adult","No"
"2nd","Female","Adult","No"
"2nd","Female","Adult","No"
"2nd","Female","Adult","No"
"3rd","Female","Adult","No"
"3rd","Female","Adult","No"
"3rd","Female","Adult","No"
"3rd","Female","Adult","No"
"3rd","Female","Adult","No"
"3rd","Female","Adult","No"
"3rd","Female","Adult","No"
"3rd","Female","Adult","No"
"3rd","Female","Adult","No"
"3rd","Female","Adult","No"
"3rd","Female","Adult","No"
"3rd","Female","Adult","No"
"3rd","Female","Adult","No"
"3rd","Female","Adult","No"
"3rd","Female","Adult","No"
"3rd","Female","Adult","No"
"3rd","Female","Adult","No"
"3rd","Female","Adult","No"
"3rd","Female","Adult","No"
"3rd","Female","Adult","No"
"3rd","Female","Adult","No"
"3rd","Female","Adult","No"
"3rd","Female","Adult","No"
"3rd","Female","Adult","No"
"3rd","Female","Adult","No"
"3rd","Female","Adult","No"
"3rd","Female","Adult","No"
"3rd","Female","Adult","No"
"3rd","Female","Adult","No"
"3rd","Female","Adult","No"
"3rd","Female","Adult","No"
"3rd","Female","Adult","No"
"3rd","Female","Adult","No"
"3rd","Female","Adult","No"
"3rd","Female","Adult","No"
"3rd","Female","Adult","No"
"3rd","Female","Adult","No"
"3rd","Female","Adult","No"
"3rd","Female","Adult","No"
"3rd","Female","Adult","No"
"3rd","Female","Adult","No"
"3rd","Female","Adult","No"
"3rd","Female","Adult","No"
"3rd","Female","Adult","No"
"3rd","Female","Adult","No"
"3rd","Female","Adult","No"
"3rd","Female","Adult","No"
"3rd","Female","Adult","No"
"3rd","Female","Adult","No"
"3rd","Female","Adult","No"
"3rd","Female","Adult","No"
"3rd","Female","Adult","No"
"3rd","Female","Adult","No"
"3rd","Female","Adult","No"
"3rd","Female","Adult","No"
"3rd","Female","Adult","No"
"3rd","Female","Adult","No"
"3rd","Female","Adult","No"
"3rd","Female","Adult","No"
"3rd","Female","Adult","No"
"3rd","Female","Adult","No"
"3rd","Female","Adult","No"
"3rd","Female","Adult","No"
"3rd","Female","Adult","No"
"3rd","Female","Adult","No"
"3rd","Female","Adult","No"
"3rd","Female","Adult","No"
"3rd","Female","Adult","No"
"3rd","Female","Adult","No"
"3rd","Female","Adult","No"
"3rd","Female","Adult","No"
"3rd","Female","Adult","No"
"3rd","Female","Adult","No"
"3rd","Female","Adult","No"
"3rd","Female","Adult","No"
"3rd","Female","Adult","No"
"3rd","Female","Adult","No"
"3rd","Female","Adult","No"
"3rd","Female","Adult","No"
"3rd","Female","Adult","No"
"3rd","Female","Adult","No"
"3rd","Female","Adult","No"
"3rd","Female","Adult","No"
"3rd","Female","Adult","No"
"3rd","Female","Adult","No"
"3rd","Female","Adult","No"
"3rd","Female","Adult","No"
"3rd","Female","Adult","No"
"3rd","Female","Adult","No"
"Crew","Female","Adult","No"
"Crew","Female","Adult","No"
"Crew","Female","Adult","No"
"1st","Male","Child","Yes"
"1st","Male","Child","Yes"
"1st","Male","Child","Yes"
"1st","Male","Child","Yes"
"1st","Male","Child","Yes"
"2nd","Male","Child","Yes"
"2nd","Male","Child","Yes"
"2nd","Male","Child","Yes"
"2nd","Male","Child","Yes"
"2nd","Male","Child","Yes"
"2nd","Male","Child","Yes"
"2nd","Male","Child","Yes"
"2nd","Male","Child","Yes"
"2nd","Male","Child","Yes"
"2nd","Male","Child","Yes"
"2nd","Male","Child","Yes"
"3rd","Male","Child","Yes"
"3rd","Male","Child","Yes"
"3rd","Male","Child","Yes"
"3rd","Male","Child","Yes"
"3rd","Male","Child","Yes"
"3rd","Male","Child","Yes"
"3rd","Male","Child","Yes"
"3rd","Male","Child","Yes"
"3rd","Male","Child","Yes"
"3rd","Male","Child","Yes"
"3rd","Male","Child","Yes"
"3rd","Male","Child","Yes"
"3rd","Male","Child","Yes"
"Crew","Male","Child","Yes"
"Crew","Male","Child","Yes"
"Crew","Male","Child","Yes"
"Crew","Male","Child","Yes"
"1st","Female","Child","Yes"
"1st","Female","Child","Yes"
"1st","Female","Child","Yes"
"2nd","Female","Child","Yes"
"2nd","Female","Child","Yes"
"2nd","Female","Child","Yes"
"2nd","Female","Child","Yes"
"2nd","Female","Child","Yes"
"2nd","Female","Child","Yes"
"2nd","Female","Child","Yes"
"2nd","Female","Child","Yes"
"2nd","Female","Child","Yes"
"2nd","Female","Child","Yes"
"2nd","Female","Child","Yes"
"2nd","Female","Child","Yes"
"2nd","Female","Child","Yes"
"3rd","Female","Child","Yes"
"3rd","Female","Child","Yes"
"3rd","Female","Child","Yes"
"3rd","Female","Child","Yes"
"3rd","Female","Child","Yes"
"3rd","Female","Child","Yes"
"3rd","Female","Child","Yes"
"3rd","Female","Child","Yes"
"3rd","Female","Child","Yes"
"3rd","Female","Child","Yes"
"3rd","Female","Child","Yes"
"3rd","Female","Child","Yes"
"3rd","Female","Child","Yes"
"3rd","Female","Child","Yes"
"Crew","Female","Child","Yes"
"Crew","Female","Child","Yes"
"Crew","Female","Child","Yes"
"Crew","Female","Child","Yes"
"1st","Male","Adult","Yes"
"1st","Male","Adult","Yes"
"1st","Male","Adult","Yes"
"1st","Male","Adult","Yes"
"1st","Male","Adult","Yes"
"1st","Male","Adult","Yes"
"1st","Male","Adult","Yes"
"1st","Male","Adult","Yes"
"1st","Male","Adult","Yes"
"1st","Male","Adult","Yes"
"1st","Male","Adult","Yes"
"1st","Male","Adult","Yes"
"1st","Male","Adult","Yes"
"1st","Male","Adult","Yes"
"1st","Male","Adult","Yes"
"1st","Male","Adult","Yes"
"1st","Male","Adult","Yes"
"1st","Male","Adult","Yes"
"1st","Male","Adult","Yes"
"1st","Male","Adult","Yes"
"1st","Male","Adult","Yes"
"1st","Male","Adult","Yes"
"1st","Male","Adult","Yes"
"1st","Male","Adult","Yes"
"1st","Male","Adult","Yes"
"1st","Male","Adult","Yes"
"1st","Male","Adult","Yes"
"1st","Male","Adult","Yes"
"1st","Male","Adult","Yes"
"1st","Male","Adult","Yes"
"1st","Male","Adult","Yes"
"1st","Male","Adult","Yes"
"1st","Male","Adult","Yes"
"1st","Male","Adult","Yes"
"1st","Male","Adult","Yes"
"1st","Male","Adult","Yes"
"1st","Male","Adult","Yes"
"1st","Male","Adult","Yes"
"1st","Male","Adult","Yes"
"1st","Male","Adult","Yes"
"1st","Male","Adult","Yes"
"1st","Male","Adult","Yes"
"1st","Male","Adult","Yes"
"1st","Male","Adult","Yes"
"1st","Male","Adult","Yes"
"1st","Male","Adult","Yes"
"1st","Male","Adult","Yes"
"1st","Male","Adult","Yes"
"1st","Male","Adult","Yes"
"1st","Male","Adult","Yes"
"1st","Male","Adult","Yes"
"1st","Male","Adult","Yes"
"1st","Male","Adult","Yes"
"1st","Male","Adult","Yes"
"1st","Male","Adult","Yes"
"1st","Male","Adult","Yes"
"1st","Male","Adult","Yes"
"2nd","Male","Adult","Yes"
"2nd","Male","Adult","Yes"
"2nd","Male","Adult","Yes"
"2nd","Male","Adult","Yes"
"2nd","Male","Adult","Yes"
"2nd","Male","Adult","Yes"
"2nd","Male","Adult","Yes"
"2nd","Male","Adult","Yes"
"2nd","Male","Adult","Yes"
"2nd","Male","Adult","Yes"
"2nd","Male","Adult","Yes"
"2nd","Male","Adult","Yes"
"2nd","Male","Adult","Yes"
"2nd","Male","Adult","Yes"
"3rd","Male","Adult","Yes"
"3rd","Male","Adult","Yes"
"3rd","Male","Adult","Yes"
"3rd","Male","Adult","Yes"
"3rd","Male","Adult","Yes"
"3rd","Male","Adult","Yes"
"3rd","Male","Adult","Yes"
"3rd","Male","Adult","Yes"
"3rd","Male","Adult","Yes"
"3rd","Male","Adult","Yes"
"3rd","Male","Adult","Yes"
"3rd","Male","Adult","Yes"
"3rd","Male","Adult","Yes"
"3rd","Male","Adult","Yes"
"3rd","Male","Adult","Yes"
"3rd","Male","Adult","Yes"
"3rd","Male","Adult","Yes"
"3rd","Male","Adult","Yes"
"3rd","Male","Adult","Yes"
"3rd","Male","Adult","Yes"
"3rd","Male","Adult","Yes"
"3rd","Male","Adult","Yes"
"3rd","Male","Adult","Yes"
"3rd","Male","Adult","Yes"
"3rd","Male","Adult","Yes"
"3rd","Male","Adult","Yes"
"3rd","Male","Adult","Yes"
"3rd","Male","Adult","Yes"
"3rd","Male","Adult","Yes"
"3rd","Male","Adult","Yes"
"3rd","Male","Adult","Yes"
"3rd","Male","Adult","Yes"
"3rd","Male","Adult","Yes"
"3rd","Male","Adult","Yes"
"3rd","Male","Adult","Yes"
"3rd","Male","Adult","Yes"
"3rd","Male","Adult","Yes"
"3rd","Male","Adult","Yes"
"3rd","Male","Adult","Yes"
"3rd","Male","Adult","Yes"
"3rd","Male","Adult","Yes"
"3rd","Male","Adult","Yes"
"3rd","Male","Adult","Yes"
"3rd","Male","Adult","Yes"
"3rd","Male","Adult","Yes"
"3rd","Male","Adult","Yes"
"3rd","Male","Adult","Yes"
"3rd","Male","Adult","Yes"
"3rd","Male","Adult","Yes"
"3rd","Male","Adult","Yes"
"3rd","Male","Adult","Yes"
"3rd","Male","Adult","Yes"
"3rd","Male","Adult","Yes"
"3rd","Male","Adult","Yes"
"3rd","Male","Adult","Yes"
"3rd","Male","Adult","Yes"
"3rd","Male","Adult","Yes"
"3rd","Male","Adult","Yes"
"3rd","Male","Adult","Yes"
"3rd","Male","Adult","Yes"
"3rd","Male","Adult","Yes"
"3rd","Male","Adult","Yes"
"3rd","Male","Adult","Yes"
"3rd","Male","Adult","Yes"
"3rd","Male","Adult","Yes"
"3rd","Male","Adult","Yes"
"3rd","Male","Adult","Yes"
"3rd","Male","Adult","Yes"
"3rd","Male","Adult","Yes"
"3rd","Male","Adult","Yes"
"3rd","Male","Adult","Yes"
"3rd","Male","Adult","Yes"
"3rd","Male","Adult","Yes"
"3rd","Male","Adult","Yes"
"3rd","Male","Adult","Yes"
"Crew","Male","Adult","Yes"
"Crew","Male","Adult","Yes"
"Crew","Male","Adult","Yes"
"Crew","Male","Adult","Yes"
"Crew","Male","Adult","Yes"
"Crew","Male","Adult","Yes"
"Crew","Male","Adult","Yes"
"Crew","Male","Adult","Yes"
"Crew","Male","Adult","Yes"
"Crew","Male","Adult","Yes"
"Crew","Male","Adult","Yes"
"Crew","Male","Adult","Yes"
"Crew","Male","Adult","Yes"
"Crew","Male","Adult","Yes"
"Crew","Male","Adult","Yes"
"Crew","Male","Adult","Yes"
"Crew","Male","Adult","Yes"
"Crew","Male","Adult","Yes"
"Crew","Male","Adult","Yes"
"Crew","Male","Adult","Yes"
"Crew","Male","Adult","Yes"
"Crew","Male","Adult","Yes"
"Crew","Male","Adult","Yes"
"Crew","Male","Adult","Yes"
"Crew","Male","Adult","Yes"
"Crew","Male","Adult","Yes"
"Crew","Male","Adult","Yes"
"Crew","Male","Adult","Yes"
"Crew","Male","Adult","Yes"
"Crew","Male","Adult","Yes"
"Crew","Male","Adult","Yes"
"Crew","Male","Adult","Yes"
"Crew","Male","Adult","Yes"
"Crew","Male","Adult","Yes"
"Crew","Male","Adult","Yes"
"Crew","Male","Adult","Yes"
"Crew","Male","Adult","Yes"
"Crew","Male","Adult","Yes"
"Crew","Male","Adult","Yes"
"Crew","Male","Adult","Yes"
"Crew","Male","Adult","Yes"
"Crew","Male","Adult","Yes"
"Crew","Male","Adult","Yes"
"Crew","Male","Adult","Yes"
"Crew","Male","Adult","Yes"
"Crew","Male","Adult","Yes"
"Crew","Male","Adult","Yes"
"Crew","Male","Adult","Yes"
"Crew","Male","Adult","Yes"
"Crew","Male","Adult","Yes"
"Crew","Male","Adult","Yes"
"Crew","Male","Adult","Yes"
"Crew","Male","Adult","Yes"
"Crew","Male","Adult","Yes"
"Crew","Male","Adult","Yes"
"Crew","Male","Adult","Yes"
"Crew","Male","Adult","Yes"
"Crew","Male","Adult","Yes"
"Crew","Male","Adult","Yes"
"Crew","Male","Adult","Yes"
"Crew","Male","Adult","Yes"
"Crew","Male","Adult","Yes"
"Crew","Male","Adult","Yes"
"Crew","Male","Adult","Yes"
"Crew","Male","Adult","Yes"
"Crew","Male","Adult","Yes"
"Crew","Male","Adult","Yes"
"Crew","Male","Adult","Yes"
"Crew","Male","Adult","Yes"
"Crew","Male","Adult","Yes"
"Crew","Male","Adult","Yes"
"Crew","Male","Adult","Yes"
"Crew","Male","Adult","Yes"
"Crew","Male","Adult","Yes"
"Crew","Male","Adult","Yes"
"Crew","Male","Adult","Yes"
"Crew","Male","Adult","Yes"
"Crew","Male","Adult","Yes"
"Crew","Male","Adult","Yes"
"Crew","Male","Adult","Yes"
"Crew","Male","Adult","Yes"
"Crew","Male","Adult","Yes"
"Crew","Male","Adult","Yes"
"Crew","Male","Adult","Yes"
"Crew","Male","Adult","Yes"
"Crew","Male","Adult","Yes"
"Crew","Male","Adult","Yes"
"Crew","Male","Adult","Yes"
"Crew","Male","Adult","Yes"
"Crew","Male","Adult","Yes"
"Crew","Male","Adult","Yes"
"Crew","Male","Adult","Yes"
"Crew","Male","Adult","Yes"
"Crew","Male","Adult","Yes"
"Crew","Male","Adult","Yes"
"Crew","Male","Adult","Yes"
"Crew","Male","Adult","Yes"
"Crew","Male","Adult","Yes"
"Crew","Male","Adult","Yes"
"Crew","Male","Adult","Yes"
"Crew","Male","Adult","Yes"
"Crew","Male","Adult","Yes"
"Crew","Male","Adult","Yes"
"Crew","Male","Adult","Yes"
"Crew","Male","Adult","Yes"
"Crew","Male","Adult","Yes"
"Crew","Male","Adult","Yes"
"Crew","Male","Adult","Yes"
"Crew","Male","Adult","Yes"
"Crew","Male","Adult","Yes"
"Crew","Male","Adult","Yes"
"Crew","Male","Adult","Yes"
"Crew","Male","Adult","Yes"
"Crew","Male","Adult","Yes"
"Crew","Male","Adult","Yes"
"Crew","Male","Adult","Yes"
"Crew","Male","Adult","Yes"
"Crew","Male","Adult","Yes"
"Crew","Male","Adult","Yes"
"Crew","Male","Adult","Yes"
"Crew","Male","Adult","Yes"
"Crew","Male","Adult","Yes"
"Crew","Male","Adult","Yes"
"Crew","Male","Adult","Yes"
"Crew","Male","Adult","Yes"
"Crew","Male","Adult","Yes"
"Crew","Male","Adult","Yes"
"Crew","Male","Adult","Yes"
"Crew","Male","Adult","Yes"
"Crew","Male","Adult","Yes"
"Crew","Male","Adult","Yes"
"Crew","Male","Adult","Yes"
"Crew","Male","Adult","Yes"
"Crew","Male","Adult","Yes"
"Crew","Male","Adult","Yes"
"Crew","Male","Adult","Yes"
"Crew","Male","Adult","Yes"
"Crew","Male","Adult","Yes"
"Crew","Male","Adult","Yes"
"Crew","Male","Adult","Yes"
"Crew","Male","Adult","Yes"
"Crew","Male","Adult","Yes"
"Crew","Male","Adult","Yes"
"Crew","Male","Adult","Yes"
"Crew","Male","Adult","Yes"
"Crew","Male","Adult","Yes"
"Crew","Male","Adult","Yes"
"Crew","Male","Adult","Yes"
"Crew","Male","Adult","Yes"
"Crew","Male","Adult","Yes"
"Crew","Male","Adult","Yes"
"Crew","Male","Adult","Yes"
"Crew","Male","Adult","Yes"
"Crew","Male","Adult","Yes"
"Crew","Male","Adult","Yes"
"Crew","Male","Adult","Yes"
"Crew","Male","Adult","Yes"
"Crew","Male","Adult","Yes"
"Crew","Male","Adult","Yes"
"Crew","Male","Adult","Yes"
"Crew","Male","Adult","Yes"
"Crew","Male","Adult","Yes"
"Crew","Male","Adult","Yes"
"Crew","Male","Adult","Yes"
"Crew","Male","Adult","Yes"
"Crew","Male","Adult","Yes"
"Crew","Male","Adult","Yes"
"Crew","Male","Adult","Yes"
"Crew","Male","Adult","Yes"
"Crew","Male","Adult","Yes"
"Crew","Male","Adult","Yes"
"Crew","Male","Adult","Yes"
"Crew","Male","Adult","Yes"
"Crew","Male","Adult","Yes"
"Crew","Male","Adult","Yes"
"Crew","Male","Adult","Yes"
"Crew","Male","Adult","Yes"
"Crew","Male","Adult","Yes"
"Crew","Male","Adult","Yes"
"Crew","Male","Adult","Yes"
"Crew","Male","Adult","Yes"
"Crew","Male","Adult","Yes"
"Crew","Male","Adult","Yes"
"Crew","Male","Adult","Yes"
"Crew","Male","Adult","Yes"
"Crew","Male","Adult","Yes"
"Crew","Male","Adult","Yes"
"Crew","Male","Adult","Yes"
"Crew","Male","Adult","Yes"
"Crew","Male","Adult","Yes"
"Crew","Male","Adult","Yes"
"Crew","Male","Adult","Yes"
"1st","Female","Adult","Yes"
"1st","Female","Adult","Yes"
"1st","Female","Adult","Yes"
"1st","Female","Adult","Yes"
"1st","Female","Adult","Yes"
"1st","Female","Adult","Yes"
"1st","Female","Adult","Yes"
"1st","Female","Adult","Yes"
"1st","Female","Adult","Yes"
"1st","Female","Adult","Yes"
"1st","Female","Adult","Yes"
"1st","Female","Adult","Yes"
"1st","Female","Adult","Yes"
"1st","Female","Adult","Yes"
"1st","Female","Adult","Yes"
"1st","Female","Adult","Yes"
"1st","Female","Adult","Yes"
"1st","Female","Adult","Yes"
"1st","Female","Adult","Yes"
"1st","Female","Adult","Yes"
"1st","Female","Adult","Yes"
"1st","Female","Adult","Yes"
"1st","Female","Adult","Yes"
"1st","Female","Adult","Yes"
"1st","Female","Adult","Yes"
"1st","Female","Adult","Yes"
"1st","Female","Adult","Yes"
"1st","Female","Adult","Yes"
"1st","Female","Adult","Yes"
"1st","Female","Adult","Yes"
"1st","Female","Adult","Yes"
"1st","Female","Adult","Yes"
"1st","Female","Adult","Yes"
"1st","Female","Adult","Yes"
"1st","Female","Adult","Yes"
"1st","Female","Adult","Yes"
"1st","Female","Adult","Yes"
"1st","Female","Adult","Yes"
"1st","Female","Adult","Yes"
"1st","Female","Adult","Yes"
"1st","Female","Adult","Yes"
"1st","Female","Adult","Yes"
"1st","Female","Adult","Yes"
"1st","Female","Adult","Yes"
"1st","Female","Adult","Yes"
"1st","Female","Adult","Yes"
"1st","Female","Adult","Yes"
"1st","Female","Adult","Yes"
"1st","Female","Adult","Yes"
"1st","Female","Adult","Yes"
"1st","Female","Adult","Yes"
"1st","Female","Adult","Yes"
"1st","Female","Adult","Yes"
"1st","Female","Adult","Yes"
"1st","Female","Adult","Yes"
"1st","Female","Adult","Yes"
"1st","Female","Adult","Yes"
"1st","Female","Adult","Yes"
"1st","Female","Adult","Yes"
"1st","Female","Adult","Yes"
"1st","Female","Adult","Yes"
"1st","Female","Adult","Yes"
"1st","Female","Adult","Yes"
"1st","Female","Adult","Yes"
"1st","Female","Adult","Yes"
"1st","Female","Adult","Yes"
"1st","Female","Adult","Yes"
"1st","Female","Adult","Yes"
"1st","Female","Adult","Yes"
"1st","Female","Adult","Yes"
"1st","Female","Adult","Yes"
"1st","Female","Adult","Yes"
"1st","Female","Adult","Yes"
"1st","Female","Adult","Yes"
"1st","Female","Adult","Yes"
"1st","Female","Adult","Yes"
"1st","Female","Adult","Yes"
"1st","Female","Adult","Yes"
"1st","Female","Adult","Yes"
"1st","Female","Adult","Yes"
"1st","Female","Adult","Yes"
"1st","Female","Adult","Yes"
"1st","Female","Adult","Yes"
"1st","Female","Adult","Yes"
"1st","Female","Adult","Yes"
"1st","Female","Adult","Yes"
"1st","Female","Adult","Yes"
"1st","Female","Adult","Yes"
"1st","Female","Adult","Yes"
"1st","Female","Adult","Yes"
"1st","Female","Adult","Yes"
"1st","Female","Adult","Yes"
"1st","Female","Adult","Yes"
"1st","Female","Adult","Yes"
"1st","Female","Adult","Yes"
"1st","Female","Adult","Yes"
"1st","Female","Adult","Yes"
"1st","Female","Adult","Yes"
"1st","Female","Adult","Yes"
"1st","Female","Adult","Yes"
"1st","Female","Adult","Yes"
"1st","Female","Adult","Yes"
"1st","Female","Adult","Yes"
"1st","Female","Adult","Yes"
"1st","Female","Adult","Yes"
"1st","Female","Adult","Yes"
"1st","Female","Adult","Yes"
"1st","Female","Adult","Yes"
"1st","Female","Adult","Yes"
"1st","Female","Adult","Yes"
"1st","Female","Adult","Yes"
"1st","Female","Adult","Yes"
"1st","Female","Adult","Yes"
"1st","Female","Adult","Yes"
"1st","Female","Adult","Yes"
"1st","Female","Adult","Yes"
"1st","Female","Adult","Yes"
"1st","Female","Adult","Yes"
"1st","Female","Adult","Yes"
"1st","Female","Adult","Yes"
"1st","Female","Adult","Yes"
"1st","Female","Adult","Yes"
"1st","Female","Adult","Yes"
"1st","Female","Adult","Yes"
"1st","Female","Adult","Yes"
"1st","Female","Adult","Yes"
"1st","Female","Adult","Yes"
"1st","Female","Adult","Yes"
"1st","Female","Adult","Yes"
"1st","Female","Adult","Yes"
"1st","Female","Adult","Yes"
"1st","Female","Adult","Yes"
"1st","Female","Adult","Yes"
"1st","Female","Adult","Yes"
"1st","Female","Adult","Yes"
"1st","Female","Adult","Yes"
"1st","Female","Adult","Yes"
"1st","Female","Adult","Yes"
"1st","Female","Adult","Yes"
"1st","Female","Adult","Yes"
"2nd","Female","Adult","Yes"
"2nd","Female","Adult","Yes"
"2nd","Female","Adult","Yes"
"2nd","Female","Adult","Yes"
"2nd","Female","Adult","Yes"
"2nd","Female","Adult","Yes"
"2nd","Female","Adult","Yes"
"2nd","Female","Adult","Yes"
"2nd","Female","Adult","Yes"
"2nd","Female","Adult","Yes"
"2nd","Female","Adult","Yes"
"2nd","Female","Adult","Yes"
"2nd","Female","Adult","Yes"
"2nd","Female","Adult","Yes"
"2nd","Female","Adult","Yes"
"2nd","Female","Adult","Yes"
"2nd","Female","Adult","Yes"
"2nd","Female","Adult","Yes"
"2nd","Female","Adult","Yes"
"2nd","Female","Adult","Yes"
"2nd","Female","Adult","Yes"
"2nd","Female","Adult","Yes"
"2nd","Female","Adult","Yes"
"2nd","Female","Adult","Yes"
"2nd","Female","Adult","Yes"
"2nd","Female","Adult","Yes"
"2nd","Female","Adult","Yes"
"2nd","Female","Adult","Yes"
"2nd","Female","Adult","Yes"
"2nd","Female","Adult","Yes"
"2nd","Female","Adult","Yes"
"2nd","Female","Adult","Yes"
"2nd","Female","Adult","Yes"
"2nd","Female","Adult","Yes"
"2nd","Female","Adult","Yes"
"2nd","Female","Adult","Yes"
"2nd","Female","Adult","Yes"
"2nd","Female","Adult","Yes"
"2nd","Female","Adult","Yes"
"2nd","Female","Adult","Yes"
"2nd","Female","Adult","Yes"
"2nd","Female","Adult","Yes"
"2nd","Female","Adult","Yes"
"2nd","Female","Adult","Yes"
"2nd","Female","Adult","Yes"
"2nd","Female","Adult","Yes"
"2nd","Female","Adult","Yes"
"2nd","Female","Adult","Yes"
"2nd","Female","Adult","Yes"
"2nd","Female","Adult","Yes"
"2nd","Female","Adult","Yes"
"2nd","Female","Adult","Yes"
"2nd","Female","Adult","Yes"
"2nd","Female","Adult","Yes"
"2nd","Female","Adult","Yes"
"2nd","Female","Adult","Yes"
"2nd","Female","Adult","Yes"
"2nd","Female","Adult","Yes"
"2nd","Female","Adult","Yes"
"2nd","Female","Adult","Yes"
"2nd","Female","Adult","Yes"
"2nd","Female","Adult","Yes"
"2nd","Female","Adult","Yes"
"2nd","Female","Adult","Yes"
"2nd","Female","Adult","Yes"
"2nd","Female","Adult","Yes"
"2nd","Female","Adult","Yes"
"2nd","Female","Adult","Yes"
"2nd","Female","Adult","Yes"
"2nd","Female","Adult","Yes"
"2nd","Female","Adult","Yes"
"2nd","Female","Adult","Yes"
"2nd","Female","Adult","Yes"
"2nd","Female","Adult","Yes"
"2nd","Female","Adult","Yes"
"2nd","Female","Adult","Yes"
"2nd","Female","Adult","Yes"
"2nd","Female","Adult","Yes"
"2nd","Female","Adult","Yes"
"2nd","Female","Adult","Yes"
"3rd","Female","Adult","Yes"
"3rd","Female","Adult","Yes"
"3rd","Female","Adult","Yes"
"3rd","Female","Adult","Yes"
"3rd","Female","Adult","Yes"
"3rd","Female","Adult","Yes"
"3rd","Female","Adult","Yes"
"3rd","Female","Adult","Yes"
"3rd","Female","Adult","Yes"
"3rd","Female","Adult","Yes"
"3rd","Female","Adult","Yes"
"3rd","Female","Adult","Yes"
"3rd","Female","Adult","Yes"
"3rd","Female","Adult","Yes"
"3rd","Female","Adult","Yes"
"3rd","Female","Adult","Yes"
"3rd","Female","Adult","Yes"
"3rd","Female","Adult","Yes"
"3rd","Female","Adult","Yes"
"3rd","Female","Adult","Yes"
"3rd","Female","Adult","Yes"
"3rd","Female","Adult","Yes"
"3rd","Female","Adult","Yes"
"3rd","Female","Adult","Yes"
"3rd","Female","Adult","Yes"
"3rd","Female","Adult","Yes"
"3rd","Female","Adult","Yes"
"3rd","Female","Adult","Yes"
"3rd","Female","Adult","Yes"
"3rd","Female","Adult","Yes"
"3rd","Female","Adult","Yes"
"3rd","Female","Adult","Yes"
"3rd","Female","Adult","Yes"
"3rd","Female","Adult","Yes"
"3rd","Female","Adult","Yes"
"3rd","Female","Adult","Yes"
"3rd","Female","Adult","Yes"
"3rd","Female","Adult","Yes"
"3rd","Female","Adult","Yes"
"3rd","Female","Adult","Yes"
"3rd","Female","Adult","Yes"
"3rd","Female","Adult","Yes"
"3rd","Female","Adult","Yes"
"3rd","Female","Adult","Yes"
"3rd","Female","Adult","Yes"
"3rd","Female","Adult","Yes"
"3rd","Female","Adult","Yes"
"3rd","Female","Adult","Yes"
"3rd","Female","Adult","Yes"
"3rd","Female","Adult","Yes"
"3rd","Female","Adult","Yes"
"3rd","Female","Adult","Yes"
"3rd","Female","Adult","Yes"
"3rd","Female","Adult","Yes"
"3rd","Female","Adult","Yes"
"3rd","Female","Adult","Yes"
"3rd","Female","Adult","Yes"
"3rd","Female","Adult","Yes"
"3rd","Female","Adult","Yes"
"3rd","Female","Adult","Yes"
"3rd","Female","Adult","Yes"
"3rd","Female","Adult","Yes"
"3rd","Female","Adult","Yes"
"3rd","Female","Adult","Yes"
"3rd","Female","Adult","Yes"
"3rd","Female","Adult","Yes"
"3rd","Female","Adult","Yes"
"3rd","Female","Adult","Yes"
"3rd","Female","Adult","Yes"
"3rd","Female","Adult","Yes"
"3rd","Female","Adult","Yes"
"3rd","Female","Adult","Yes"
"3rd","Female","Adult","Yes"
"3rd","Female","Adult","Yes"
"3rd","Female","Adult","Yes"
"3rd","Female","Adult","Yes"
"Crew","Female","Adult","Yes"
"Crew","Female","Adult","Yes"
"Crew","Female","Adult","Yes"
"Crew","Female","Adult","Yes"
"Crew","Female","Adult","Yes"
"Crew","Female","Adult","Yes"
"Crew","Female","Adult","Yes"
"Crew","Female","Adult","Yes"
"Crew","Female","Adult","Yes"
"Crew","Female","Adult","Yes"
"Crew","Female","Adult","Yes"
"Crew","Female","Adult","Yes"
"Crew","Female","Adult","Yes"
"Crew","Female","Adult","Yes"
"Crew","Female","Adult","Yes"
"Crew","Female","Adult","Yes"
"Crew","Female","Adult","Yes"
"Crew","Female","Adult","Yes"
"Crew","Female","Adult","Yes"
"Crew","Female","Adult","Yes"
